{"search":"","showTags":true,"showAttachments":true,"hideUnresolved":false,"showOrphans":true,"showArrow":false,"textFadeMultiplier":0,"nodeSizeMultiplier":2.34059829059829,"lineSizeMultiplier":0.696140491452991,"centerStrength":0.293669871794872,"repelStrength":15.3311965811966,"linkStrength":0.432558760683761,"linkDistance":474,"scale":0.04356798575757345}